-- phpMyAdmin SQL Dump
-- version 5.2.1
-- https://www.phpmyadmin.net/
--
-- Host: 127.0.0.1
-- Generation Time: Aug 27, 2025 at 07:59 PM
-- Server version: 10.4.32-MariaDB
-- PHP Version: 8.2.12

SET SQL_MODE = "NO_AUTO_VALUE_ON_ZERO";
START TRANSACTION;
SET time_zone = "+00:00";


/*!40101 SET @OLD_CHARACTER_SET_CLIENT=@@CHARACTER_SET_CLIENT */;
/*!40101 SET @OLD_CHARACTER_SET_RESULTS=@@CHARACTER_SET_RESULTS */;
/*!40101 SET @OLD_COLLATION_CONNECTION=@@COLLATION_CONNECTION */;
/*!40101 SET NAMES utf8mb4 */;

--
-- Database: `water_dispenser_system`
--

-- --------------------------------------------------------

--
-- Table structure for table `dispenser`
--

CREATE TABLE `dispenser` (
  `dispenser_id` int(11) NOT NULL,
  `Description` text NOT NULL,
  `Capacity` int(11) NOT NULL
) ENGINE=InnoDB DEFAULT CHARSET=utf8mb4 COLLATE=utf8mb4_unicode_ci;

--
-- Dumping data for table `dispenser`
--

INSERT INTO `dispenser` (`dispenser_id`, `Description`, `Capacity`) VALUES
(27, 'ITC Machine', 5),
(28, 'CBM Machine', 5),
(29, 'CAF Machine', 5),
(30, 'CAS Machine', 5),
(31, 'CVM Machine', 5),
(32, 'CED Machine', 5),
(33, '3B Machine', 20);

-- --------------------------------------------------------

--
-- Table structure for table `dispenserlocation`
--

CREATE TABLE `dispenserlocation` (
  `dispenserlocation_id` int(11) NOT NULL,
  `location_id` int(11) NOT NULL,
  `dispenser_id` int(11) NOT NULL,
  `Status` tinyint(1) NOT NULL DEFAULT 1,
  `DateDeployed` date DEFAULT NULL
) ENGINE=InnoDB DEFAULT CHARSET=utf8mb4 COLLATE=utf8mb4_unicode_ci;

--
-- Dumping data for table `dispenserlocation`
--

INSERT INTO `dispenserlocation` (`dispenserlocation_id`, `location_id`, `dispenser_id`, `Status`, `DateDeployed`) VALUES
(28, 339, 27, 1, '2025-07-31'),
(32, 341, 31, 1, '2025-07-31'),
(33, 342, 32, 1, '2025-07-31'),
(34, 0, 33, 0, '2025-08-25'),
(35, 343, 30, 1, '2025-08-26');

-- --------------------------------------------------------

--
-- Table structure for table `dispenserstatus`
--

CREATE TABLE `dispenserstatus` (
  `status_id` int(11) NOT NULL,
  `water_level` float NOT NULL,
  `operational_status` varchar(20) NOT NULL,
  `dispenser_id` int(11) NOT NULL
) ENGINE=InnoDB DEFAULT CHARSET=utf8mb4 COLLATE=utf8mb4_unicode_ci;

--
-- Dumping data for table `dispenserstatus`
--

INSERT INTO `dispenserstatus` (`status_id`, `water_level`, `operational_status`, `dispenser_id`) VALUES
(20, 1, 'Low', 27),
(21, 2, 'Disabled', 28),
(22, 3, 'Disabled', 29),
(23, 4, 'Normal', 30),
(24, 5, 'Normal', 31),
(25, 5, 'Normal', 32),
(26, 10, 'Disabled', 33);

-- --------------------------------------------------------

--
-- Table structure for table `location`
--

CREATE TABLE `location` (
  `location_id` int(11) NOT NULL,
  `location_name` varchar(100) NOT NULL,
  `address` text NOT NULL,
  `latitude` decimal(11,8) DEFAULT NULL,
  `longitude` decimal(11,8) DEFAULT NULL
) ENGINE=InnoDB DEFAULT CHARSET=utf8mb4 COLLATE=utf8mb4_unicode_ci;

--
-- Dumping data for table `location`
--

INSERT INTO `location` (`location_id`, `location_name`, `address`, `latitude`, `longitude`) VALUES
(339, 'CET - ITC', 'ITC Lab', 15.63954742, 120.41917920),
(341, 'CVM ', 'CVM Lab', 15.63987804, 120.41906655),
(342, 'CED', 'CED Lab ', 15.63994519, 120.42057395),
(343, 'CAS', 'CAS lab', 15.63830969, 120.41842282);

-- --------------------------------------------------------

--
-- Table structure for table `transaction`
--

CREATE TABLE `transaction` (
  `transaction_id` int(11) NOT NULL,
  `amount_dispensed` float NOT NULL,
  `DateAndTime` datetime DEFAULT current_timestamp(),
  `coin_type` varchar(50) NOT NULL,
  `dispenser_id` int(11) NOT NULL,
  `water_type` varchar(10) NOT NULL DEFAULT 'COLD'
) ENGINE=InnoDB DEFAULT CHARSET=utf8mb4 COLLATE=utf8mb4_unicode_ci;

--
-- Dumping data for table `transaction`
--

INSERT INTO `transaction` (`transaction_id`, `amount_dispensed`, `DateAndTime`, `coin_type`, `dispenser_id`, `water_type`) VALUES
(1300, 0.5, '2025-05-20 20:20:08', '1 Peso', 27, 'COLD'),
(1301, 0.5, '2025-05-20 20:20:15', '1 Peso', 27, 'COLD'),
(1302, 2.5, '2025-05-20 20:20:24', '5 Peso', 27, 'COLD'),
(1303, 2.5, '2025-05-20 20:20:32', '5 Peso', 27, 'COLD'),
(1304, 2.5, '2025-05-20 20:21:24', '5 Peso', 27, 'COLD'),
(1305, 5, '2025-05-20 20:21:30', '10 Peso', 27, 'COLD'),
(1306, 5, '2025-05-20 20:21:41', '10 Peso', 27, 'COLD'),
(1307, 5, '2025-05-20 20:22:10', '10 Peso', 27, 'COLD'),
(1308, 2.5, '2025-05-20 20:22:17', '5 Peso', 27, 'COLD'),
(1309, 2.5, '2025-05-20 20:22:23', '5 Peso', 27, 'COLD'),
(1310, 0.5, '2025-05-20 20:22:38', '1 Peso', 27, 'COLD'),
(1311, 0.5, '2025-05-20 20:22:46', '1 Peso', 27, 'COLD'),
(1312, 5, '2025-05-20 20:22:52', '10 Peso', 27, 'COLD'),
(1313, 0.5, '2025-05-20 20:22:59', '1 Peso', 27, 'COLD'),
(1314, 2.5, '2025-05-20 20:23:05', '5 Peso', 27, 'COLD'),
(1315, 2.5, '2025-05-20 20:23:12', '5 Peso', 27, 'COLD'),
(1316, 0.5, '2025-05-20 20:23:21', '1 Peso', 27, 'COLD'),
(1317, 0.5, '2025-05-20 20:23:30', '1 Peso', 27, 'COLD'),
(1318, 5, '2025-05-20 20:23:45', '10 Peso', 27, 'COLD'),
(1319, 2.5, '2025-05-20 20:23:56', '5 Peso', 27, 'COLD'),
(1320, 5, '2025-05-20 20:24:03', '10 Peso', 27, 'COLD'),
(1321, 0.5, '2025-05-20 20:24:23', '1 Peso', 27, 'COLD'),
(1322, 0.5, '2025-05-20 20:24:32', '1 Peso', 27, 'COLD'),
(1323, 2.5, '2025-05-20 20:24:38', '5 Peso', 27, 'COLD'),
(1324, 2.5, '2025-05-20 20:24:47', '5 Peso', 27, 'COLD'),
(1325, 5, '2025-05-20 20:24:58', '10 Peso', 27, 'COLD'),
(1326, 5, '2025-05-20 20:25:08', '10 Peso', 27, 'COLD'),
(1327, 2.5, '2025-05-20 20:25:22', '5 Peso', 27, 'COLD'),
(1328, 5, '2025-05-20 20:25:33', '10 Peso', 27, 'COLD'),
(1329, 0.5, '2025-05-20 20:25:42', '1 Peso', 27, 'COLD'),
(1330, 2.5, '2025-05-20 20:32:15', '5 Peso', 27, 'COLD'),
(1331, 0.5, '2025-05-20 20:32:37', '1 Peso', 27, 'COLD'),
(1332, 5, '2025-05-20 20:33:19', '10 Peso', 27, 'COLD'),
(1333, 5, '2025-05-20 20:34:11', '10 Peso', 27, 'COLD'),
(1334, 2.5, '2025-05-20 20:34:17', '5 Peso', 27, 'COLD'),
(1335, 0.5, '2025-05-20 20:34:31', '1 Peso', 27, 'COLD'),
(1336, 2.5, '2025-05-20 20:34:36', '5 Peso', 27, 'COLD'),
(1337, 5, '2025-05-20 20:34:42', '10 Peso', 27, 'COLD'),
(1338, 2.5, '2025-05-20 20:36:05', '5 Peso', 27, 'COLD'),
(1339, 5, '2025-05-20 20:36:15', '10 Peso', 27, 'COLD'),
(1340, 0.5, '2025-05-20 20:36:37', '1 Peso', 27, 'COLD'),
(1341, 0.5, '2025-05-20 20:36:43', '1 Peso', 27, 'COLD'),
(1342, 0.5, '2025-05-20 20:37:01', '1 Peso', 27, 'COLD'),
(1343, 2.5, '2025-05-20 20:37:09', '5 Peso', 27, 'COLD'),
(1344, 0.5, '2025-05-20 20:38:04', '1 Peso', 27, 'COLD'),
(1345, 2.5, '2025-05-20 20:38:17', '5 Peso', 27, 'COLD'),
(1346, 5, '2025-05-20 20:38:22', '10 Peso', 27, 'COLD'),
(1347, 5, '2025-05-20 20:38:31', '10 Peso', 27, 'COLD'),
(1348, 5, '2025-05-20 20:38:40', '10 Peso', 27, 'COLD'),
(1349, 2.5, '2025-05-20 20:39:21', '5 Peso', 27, 'COLD'),
(1350, 0.5, '2025-05-20 20:45:17', '1 Peso', 27, 'COLD'),
(1351, 0.5, '2025-05-20 20:45:36', '1 Peso', 27, 'COLD'),
(1352, 2.5, '2025-07-15 10:00:00', '5 Peso', 27, 'COLD'),
(1353, 5, '2025-07-15 12:00:00', '10 Peso', 27, 'COLD'),
(1354, 0.5, '2025-07-16 09:00:00', '1 Peso', 27, 'COLD'),
(1355, 2.5, '2025-07-16 15:00:00', '5 Peso', 27, 'COLD'),
(1356, 5, '2025-07-17 11:00:00', '10 Peso', 27, 'COLD'),
(1357, 1, '2025-07-18 14:00:00', '1 Peso', 27, 'COLD'),
(1358, 2.5, '2025-07-19 16:00:00', '5 Peso', 27, 'COLD'),
(1359, 5, '2025-07-20 10:00:00', '10 Peso', 27, 'COLD'),
(1360, 0.5, '2025-07-21 12:00:00', '1 Peso', 27, 'COLD'),
(1361, 2.5, '2025-07-22 13:00:00', '5 Peso', 27, 'COLD'),
(1362, 5, '2025-08-01 11:00:00', '10 Peso', 27, 'COLD'),
(1363, 1, '2025-08-02 14:00:00', '1 Peso', 27, 'COLD'),
(1364, 2.5, '2025-08-03 16:00:00', '5 Peso', 27, 'COLD'),
(1365, 5, '2025-08-04 10:00:00', '10 Peso', 27, 'COLD'),
(1366, 0.5, '2025-08-05 12:00:00', '1 Peso', 27, 'COLD'),
(1367, 2.5, '2025-08-06 13:00:00', '5 Peso', 27, 'COLD'),
(1368, 5, '2025-08-07 11:00:00', '10 Peso', 27, 'COLD'),
(1369, 1, '2025-08-08 14:00:00', '1 Peso', 27, 'COLD'),
(1370, 2.5, '2025-08-09 16:00:00', '5 Peso', 27, 'COLD'),
(1371, 5, '2025-08-10 10:00:00', '10 Peso', 27, 'COLD'),
(1372, 2.5, '2025-07-15 10:00:00', '5 Peso', 27, 'COLD'),
(1373, 5, '2025-07-15 12:00:00', '10 Peso', 27, 'COLD'),
(1374, 0.5, '2025-07-16 09:00:00', '1 Peso', 27, 'COLD'),
(1375, 2.5, '2025-07-16 15:00:00', '5 Peso', 27, 'COLD'),
(1376, 5, '2025-07-17 11:00:00', '10 Peso', 27, 'COLD'),
(1377, 1, '2025-07-18 14:00:00', '1 Peso', 27, 'COLD'),
(1378, 2.5, '2025-07-19 16:00:00', '5 Peso', 27, 'COLD'),
(1379, 5, '2025-07-20 10:00:00', '10 Peso', 27, 'COLD'),
(1380, 0.5, '2025-07-21 12:00:00', '1 Peso', 27, 'COLD'),
(1381, 2.5, '2025-07-22 13:00:00', '5 Peso', 27, 'COLD'),
(1382, 5, '2025-08-01 11:00:00', '10 Peso', 27, 'COLD'),
(1383, 1, '2025-08-02 14:00:00', '1 Peso', 27, 'COLD'),
(1384, 2.5, '2025-08-03 16:00:00', '5 Peso', 27, 'COLD'),
(1385, 5, '2025-08-04 10:00:00', '10 Peso', 27, 'COLD'),
(1386, 0.5, '2025-08-05 12:00:00', '1 Peso', 27, 'COLD'),
(1387, 2.5, '2025-08-06 13:00:00', '5 Peso', 27, 'COLD'),
(1388, 5, '2025-08-07 11:00:00', '10 Peso', 27, 'COLD'),
(1389, 1, '2025-08-08 14:00:00', '1 Peso', 27, 'COLD'),
(1390, 2.5, '2025-08-09 16:00:00', '5 Peso', 27, 'COLD'),
(1391, 5, '2025-08-10 10:00:00', '10 Peso', 27, 'COLD'),
(1392, 2.5, '2025-07-15 10:00:00', '5 Peso', 27, 'COLD'),
(1393, 5, '2025-07-15 12:00:00', '10 Peso', 27, 'COLD'),
(1394, 0.5, '2025-07-16 09:00:00', '1 Peso', 27, 'COLD'),
(1395, 2.5, '2025-07-16 15:00:00', '5 Peso', 27, 'COLD'),
(1396, 5, '2025-07-17 11:00:00', '10 Peso', 27, 'COLD'),
(1397, 1, '2025-07-18 14:00:00', '1 Peso', 27, 'COLD'),
(1398, 2.5, '2025-07-19 16:00:00', '5 Peso', 27, 'COLD'),
(1399, 5, '2025-07-20 10:00:00', '10 Peso', 27, 'COLD'),
(1400, 0.5, '2025-07-21 12:00:00', '1 Peso', 27, 'COLD'),
(1401, 2.5, '2025-07-22 13:00:00', '5 Peso', 27, 'COLD'),
(1402, 5, '2025-08-01 11:00:00', '10 Peso', 27, 'COLD'),
(1403, 1, '2025-08-02 14:00:00', '1 Peso', 27, 'COLD'),
(1404, 2.5, '2025-08-03 16:00:00', '5 Peso', 27, 'COLD'),
(1405, 5, '2025-08-04 10:00:00', '10 Peso', 27, 'COLD'),
(1406, 0.5, '2025-08-05 12:00:00', '1 Peso', 27, 'COLD'),
(1407, 2.5, '2025-08-06 13:00:00', '5 Peso', 27, 'COLD'),
(1408, 5, '2025-08-07 11:00:00', '10 Peso', 27, 'COLD'),
(1409, 1, '2025-08-08 14:00:00', '1 Peso', 27, 'COLD'),
(1410, 2.5, '2025-08-09 16:00:00', '5 Peso', 27, 'COLD'),
(1411, 5, '2025-08-10 10:00:00', '10 Peso', 27, 'COLD'),
(1412, 2.5, '2025-07-15 10:00:00', '5 Peso', 27, 'COLD'),
(1413, 5, '2025-07-15 12:00:00', '10 Peso', 27, 'COLD'),
(1414, 0.5, '2025-07-16 09:00:00', '1 Peso', 27, 'COLD'),
(1415, 2.5, '2025-07-16 15:00:00', '5 Peso', 27, 'COLD'),
(1416, 5, '2025-07-17 11:00:00', '10 Peso', 27, 'COLD'),
(1417, 1, '2025-07-18 14:00:00', '1 Peso', 27, 'COLD'),
(1418, 2.5, '2025-07-19 16:00:00', '5 Peso', 27, 'COLD'),
(1419, 5, '2025-07-20 10:00:00', '10 Peso', 27, 'COLD'),
(1420, 0.5, '2025-07-21 12:00:00', '1 Peso', 27, 'COLD'),
(1421, 2.5, '2025-07-22 13:00:00', '5 Peso', 27, 'COLD'),
(1422, 5, '2025-08-01 11:00:00', '10 Peso', 27, 'COLD'),
(1423, 1, '2025-08-02 14:00:00', '1 Peso', 27, 'COLD'),
(1424, 2.5, '2025-08-03 16:00:00', '5 Peso', 27, 'COLD'),
(1425, 5, '2025-08-04 10:00:00', '10 Peso', 27, 'COLD'),
(1426, 0.5, '2025-08-05 12:00:00', '1 Peso', 27, 'COLD'),
(1427, 2.5, '2025-08-06 13:00:00', '5 Peso', 27, 'COLD'),
(1428, 5, '2025-08-07 11:00:00', '10 Peso', 27, 'COLD'),
(1429, 1, '2025-08-08 14:00:00', '1 Peso', 27, 'COLD'),
(1430, 2.5, '2025-08-09 16:00:00', '5 Peso', 27, 'COLD'),
(1431, 5, '2025-08-10 10:00:00', '10 Peso', 27, 'COLD'),
(1432, 2.5, '2025-07-15 10:00:00', '5 Peso', 27, 'COLD'),
(1433, 5, '2025-07-15 12:00:00', '10 Peso', 27, 'COLD'),
(1434, 0.5, '2025-07-16 09:00:00', '1 Peso', 27, 'COLD'),
(1435, 2.5, '2025-07-16 15:00:00', '5 Peso', 27, 'COLD'),
(1436, 5, '2025-07-17 11:00:00', '10 Peso', 27, 'COLD'),
(1437, 1, '2025-07-18 14:00:00', '1 Peso', 27, 'COLD'),
(1438, 2.5, '2025-07-19 16:00:00', '5 Peso', 27, 'COLD'),
(1439, 5, '2025-07-20 10:00:00', '10 Peso', 27, 'COLD'),
(1440, 0.5, '2025-07-21 12:00:00', '1 Peso', 27, 'COLD'),
(1441, 2.5, '2025-07-22 13:00:00', '5 Peso', 27, 'COLD'),
(1442, 5, '2025-08-01 11:00:00', '10 Peso', 27, 'COLD'),
(1443, 1, '2025-08-02 14:00:00', '1 Peso', 27, 'COLD'),
(1444, 2.5, '2025-08-03 16:00:00', '5 Peso', 27, 'COLD'),
(1445, 5, '2025-08-04 10:00:00', '10 Peso', 27, 'COLD'),
(1446, 0.5, '2025-08-05 12:00:00', '1 Peso', 27, 'COLD'),
(1447, 2.5, '2025-08-06 13:00:00', '5 Peso', 27, 'COLD'),
(1448, 5, '2025-08-07 11:00:00', '10 Peso', 27, 'COLD'),
(1449, 1, '2025-08-08 14:00:00', '1 Peso', 27, 'COLD'),
(1450, 2.5, '2025-08-09 16:00:00', '5 Peso', 27, 'COLD'),
(1451, 5, '2025-08-10 10:00:00', '10 Peso', 27, 'COLD'),
(1452, 2.5, '2025-07-15 10:00:00', '5 Peso', 27, 'COLD'),
(1453, 5, '2025-07-15 12:00:00', '10 Peso', 27, 'COLD'),
(1454, 0.5, '2025-07-16 09:00:00', '1 Peso', 27, 'COLD'),
(1455, 2.5, '2025-07-16 15:00:00', '5 Peso', 27, 'COLD'),
(1456, 5, '2025-07-17 11:00:00', '10 Peso', 27, 'COLD'),
(1457, 1, '2025-07-18 14:00:00', '1 Peso', 27, 'COLD'),
(1458, 2.5, '2025-07-19 16:00:00', '5 Peso', 27, 'COLD'),
(1459, 5, '2025-07-20 10:00:00', '10 Peso', 27, 'COLD'),
(1460, 0.5, '2025-07-21 12:00:00', '1 Peso', 27, 'COLD'),
(1461, 2.5, '2025-07-22 13:00:00', '5 Peso', 27, 'COLD'),
(1462, 5, '2025-08-01 11:00:00', '10 Peso', 27, 'COLD'),
(1463, 1, '2025-08-02 14:00:00', '1 Peso', 27, 'COLD'),
(1464, 2.5, '2025-08-03 16:00:00', '5 Peso', 27, 'COLD'),
(1465, 5, '2025-08-04 10:00:00', '10 Peso', 27, 'COLD'),
(1466, 0.5, '2025-08-05 12:00:00', '1 Peso', 27, 'COLD'),
(1467, 2.5, '2025-08-06 13:00:00', '5 Peso', 27, 'COLD'),
(1468, 5, '2025-08-07 11:00:00', '10 Peso', 27, 'COLD'),
(1469, 1, '2025-08-08 14:00:00', '1 Peso', 27, 'COLD'),
(1470, 2.5, '2025-08-09 16:00:00', '5 Peso', 27, 'COLD'),
(1471, 5, '2025-08-10 10:00:00', '10 Peso', 27, 'COLD'),
(1472, 2.5, '2025-07-15 10:00:00', '5 Peso', 27, 'COLD'),
(1473, 5, '2025-07-15 12:00:00', '10 Peso', 27, 'COLD'),
(1474, 0.5, '2025-07-16 09:00:00', '1 Peso', 27, 'COLD'),
(1475, 2.5, '2025-07-16 15:00:00', '5 Peso', 27, 'COLD'),
(1476, 5, '2025-07-17 11:00:00', '10 Peso', 27, 'COLD'),
(1477, 1, '2025-07-18 14:00:00', '1 Peso', 27, 'COLD'),
(1478, 2.5, '2025-07-19 16:00:00', '5 Peso', 27, 'COLD'),
(1479, 5, '2025-07-20 10:00:00', '10 Peso', 27, 'COLD'),
(1480, 0.5, '2025-07-21 12:00:00', '1 Peso', 27, 'COLD'),
(1481, 2.5, '2025-07-22 13:00:00', '5 Peso', 27, 'COLD'),
(1482, 5, '2025-08-01 11:00:00', '10 Peso', 27, 'COLD'),
(1483, 1, '2025-08-02 14:00:00', '1 Peso', 27, 'COLD'),
(1484, 2.5, '2025-08-03 16:00:00', '5 Peso', 27, 'COLD'),
(1485, 5, '2025-08-04 10:00:00', '10 Peso', 27, 'COLD'),
(1486, 0.5, '2025-08-05 12:00:00', '1 Peso', 27, 'COLD'),
(1487, 2.5, '2025-08-06 13:00:00', '5 Peso', 27, 'COLD'),
(1488, 5, '2025-08-07 11:00:00', '10 Peso', 27, 'COLD'),
(1489, 1, '2025-08-08 14:00:00', '1 Peso', 27, 'COLD'),
(1490, 2.5, '2025-08-09 16:00:00', '5 Peso', 27, 'COLD'),
(1491, 5, '2025-08-10 10:00:00', '10 Peso', 27, 'COLD'),
(1492, 2.5, '2025-07-15 10:00:00', '5 Peso', 27, 'COLD'),
(1493, 5, '2025-07-15 12:00:00', '10 Peso', 27, 'COLD'),
(1494, 0.5, '2025-07-16 09:00:00', '1 Peso', 27, 'COLD'),
(1495, 2.5, '2025-07-16 15:00:00', '5 Peso', 27, 'COLD'),
(1496, 5, '2025-07-17 11:00:00', '10 Peso', 27, 'COLD'),
(1497, 1, '2025-07-18 14:00:00', '1 Peso', 27, 'COLD'),
(1498, 2.5, '2025-07-19 16:00:00', '5 Peso', 27, 'COLD'),
(1499, 5, '2025-07-20 10:00:00', '10 Peso', 27, 'COLD'),
(1500, 0.5, '2025-07-21 12:00:00', '1 Peso', 27, 'COLD'),
(1501, 2.5, '2025-07-22 13:00:00', '5 Peso', 27, 'COLD'),
(1502, 5, '2025-08-01 11:00:00', '10 Peso', 27, 'COLD'),
(1503, 1, '2025-08-02 14:00:00', '1 Peso', 27, 'COLD'),
(1504, 2.5, '2025-08-03 16:00:00', '5 Peso', 27, 'COLD'),
(1505, 5, '2025-08-04 10:00:00', '10 Peso', 27, 'COLD'),
(1506, 0.5, '2025-08-05 12:00:00', '1 Peso', 27, 'COLD'),
(1507, 2.5, '2025-08-06 13:00:00', '5 Peso', 27, 'COLD'),
(1508, 5, '2025-08-07 11:00:00', '10 Peso', 27, 'COLD'),
(1509, 1, '2025-08-08 14:00:00', '1 Peso', 27, 'COLD'),
(1510, 2.5, '2025-08-09 16:00:00', '5 Peso', 27, 'COLD'),
(1511, 5, '2025-08-10 10:00:00', '10 Peso', 27, 'COLD'),
(1512, 2.5, '2025-07-15 10:00:00', '5 Peso', 27, 'COLD'),
(1513, 5, '2025-07-15 12:00:00', '10 Peso', 27, 'COLD'),
(1514, 0.5, '2025-07-16 09:00:00', '1 Peso', 27, 'COLD'),
(1515, 2.5, '2025-07-16 15:00:00', '5 Peso', 27, 'COLD'),
(1516, 5, '2025-07-17 11:00:00', '10 Peso', 27, 'COLD'),
(1517, 1, '2025-07-18 14:00:00', '1 Peso', 27, 'COLD'),
(1518, 2.5, '2025-07-19 16:00:00', '5 Peso', 27, 'COLD'),
(1519, 5, '2025-07-20 10:00:00', '10 Peso', 27, 'COLD'),
(1520, 0.5, '2025-07-21 12:00:00', '1 Peso', 27, 'COLD'),
(1521, 2.5, '2025-07-22 13:00:00', '5 Peso', 27, 'COLD'),
(1522, 5, '2025-08-01 11:00:00', '10 Peso', 27, 'COLD'),
(1523, 1, '2025-08-02 14:00:00', '1 Peso', 27, 'COLD'),
(1524, 2.5, '2025-08-03 16:00:00', '5 Peso', 27, 'COLD'),
(1525, 5, '2025-08-04 10:00:00', '10 Peso', 27, 'COLD'),
(1526, 0.5, '2025-08-05 12:00:00', '1 Peso', 27, 'COLD'),
(1527, 2.5, '2025-08-06 13:00:00', '5 Peso', 27, 'COLD'),
(1528, 5, '2025-08-07 11:00:00', '10 Peso', 27, 'COLD'),
(1529, 1, '2025-08-08 14:00:00', '1 Peso', 27, 'COLD'),
(1530, 2.5, '2025-08-09 16:00:00', '5 Peso', 27, 'COLD'),
(1531, 5, '2025-08-10 10:00:00', '10 Peso', 27, 'COLD'),
(1532, 2.5, '2025-07-15 10:00:00', '5 Peso', 27, 'COLD'),
(1533, 5, '2025-07-15 12:00:00', '10 Peso', 27, 'COLD'),
(1534, 0.5, '2025-07-16 09:00:00', '1 Peso', 27, 'COLD'),
(1535, 2.5, '2025-07-16 15:00:00', '5 Peso', 27, 'COLD'),
(1536, 5, '2025-07-17 11:00:00', '10 Peso', 27, 'COLD'),
(1537, 1, '2025-07-18 14:00:00', '1 Peso', 27, 'COLD'),
(1538, 2.5, '2025-07-19 16:00:00', '5 Peso', 27, 'COLD'),
(1539, 5, '2025-07-20 10:00:00', '10 Peso', 27, 'COLD'),
(1540, 0.5, '2025-07-21 12:00:00', '1 Peso', 27, 'COLD'),
(1541, 2.5, '2025-07-22 13:00:00', '5 Peso', 27, 'COLD'),
(1542, 5, '2025-08-01 11:00:00', '10 Peso', 27, 'COLD'),
(1543, 1, '2025-08-02 14:00:00', '1 Peso', 27, 'COLD'),
(1544, 2.5, '2025-08-03 16:00:00', '5 Peso', 27, 'COLD'),
(1545, 5, '2025-08-04 10:00:00', '10 Peso', 27, 'COLD'),
(1546, 0.5, '2025-08-05 12:00:00', '1 Peso', 27, 'COLD'),
(1547, 2.5, '2025-08-06 13:00:00', '5 Peso', 27, 'COLD'),
(1548, 5, '2025-08-07 11:00:00', '10 Peso', 27, 'COLD'),
(1549, 1, '2025-08-08 14:00:00', '1 Peso', 27, 'COLD'),
(1550, 2.5, '2025-08-09 16:00:00', '5 Peso', 27, 'COLD'),
(1551, 5, '2025-08-10 10:00:00', '10 Peso', 27, 'COLD'),
(1552, 2.5, '2025-07-15 10:00:00', '5 Peso', 27, 'COLD'),
(1553, 5, '2025-07-15 12:00:00', '10 Peso', 27, 'COLD'),
(1554, 0.5, '2025-07-16 09:00:00', '1 Peso', 27, 'COLD'),
(1555, 2.5, '2025-07-16 15:00:00', '5 Peso', 27, 'COLD'),
(1556, 5, '2025-07-17 11:00:00', '10 Peso', 27, 'COLD'),
(1557, 1, '2025-07-18 14:00:00', '1 Peso', 27, 'COLD'),
(1558, 2.5, '2025-07-19 16:00:00', '5 Peso', 27, 'COLD'),
(1559, 5, '2025-07-20 10:00:00', '10 Peso', 27, 'COLD'),
(1560, 0.5, '2025-07-21 12:00:00', '1 Peso', 27, 'COLD'),
(1561, 2.5, '2025-07-22 13:00:00', '5 Peso', 27, 'COLD'),
(1562, 5, '2025-08-01 11:00:00', '10 Peso', 27, 'COLD'),
(1563, 1, '2025-08-02 14:00:00', '1 Peso', 27, 'COLD'),
(1564, 2.5, '2025-08-03 16:00:00', '5 Peso', 27, 'COLD'),
(1565, 5, '2025-08-04 10:00:00', '10 Peso', 27, 'COLD'),
(1566, 0.5, '2025-08-05 12:00:00', '1 Peso', 27, 'COLD'),
(1567, 2.5, '2025-08-06 13:00:00', '5 Peso', 27, 'COLD'),
(1568, 5, '2025-08-07 11:00:00', '10 Peso', 27, 'COLD'),
(1569, 1, '2025-08-08 14:00:00', '1 Peso', 27, 'COLD'),
(1570, 2.5, '2025-08-09 16:00:00', '5 Peso', 27, 'COLD'),
(1571, 5, '2025-08-10 10:00:00', '10 Peso', 27, 'COLD'),
(1572, 2.5, '2025-07-15 10:00:00', '5 Peso', 27, 'COLD'),
(1573, 5, '2025-07-15 12:00:00', '10 Peso', 27, 'COLD'),
(1574, 0.5, '2025-07-16 09:00:00', '1 Peso', 27, 'COLD'),
(1575, 2.5, '2025-07-16 15:00:00', '5 Peso', 27, 'COLD'),
(1576, 5, '2025-07-17 11:00:00', '10 Peso', 27, 'COLD'),
(1577, 1, '2025-07-18 14:00:00', '1 Peso', 27, 'COLD'),
(1578, 2.5, '2025-07-19 16:00:00', '5 Peso', 27, 'COLD'),
(1579, 5, '2025-07-20 10:00:00', '10 Peso', 27, 'COLD'),
(1580, 0.5, '2025-07-21 12:00:00', '1 Peso', 27, 'COLD'),
(1581, 2.5, '2025-07-22 13:00:00', '5 Peso', 27, 'COLD'),
(1582, 5, '2025-08-01 11:00:00', '10 Peso', 27, 'COLD'),
(1583, 1, '2025-08-02 14:00:00', '1 Peso', 27, 'COLD'),
(1584, 2.5, '2025-08-03 16:00:00', '5 Peso', 27, 'COLD'),
(1585, 5, '2025-08-04 10:00:00', '10 Peso', 27, 'COLD'),
(1586, 0.5, '2025-08-05 12:00:00', '1 Peso', 27, 'COLD'),
(1587, 2.5, '2025-08-06 13:00:00', '5 Peso', 27, 'COLD'),
(1588, 5, '2025-08-07 11:00:00', '10 Peso', 27, 'COLD'),
(1589, 1, '2025-08-08 14:00:00', '1 Peso', 27, 'COLD'),
(1590, 2.5, '2025-08-09 16:00:00', '5 Peso', 27, 'COLD'),
(1591, 5, '2025-08-10 10:00:00', '10 Peso', 27, 'COLD'),
(1592, 2.5, '2025-07-15 10:00:00', '5 Peso', 27, 'COLD'),
(1593, 5, '2025-07-15 12:00:00', '10 Peso', 27, 'COLD'),
(1594, 0.5, '2025-07-16 09:00:00', '1 Peso', 27, 'COLD'),
(1595, 2.5, '2025-07-16 15:00:00', '5 Peso', 27, 'COLD'),
(1596, 5, '2025-07-17 11:00:00', '10 Peso', 27, 'COLD'),
(1597, 1, '2025-07-18 14:00:00', '1 Peso', 27, 'COLD'),
(1598, 2.5, '2025-07-19 16:00:00', '5 Peso', 27, 'COLD'),
(1599, 5, '2025-07-20 10:00:00', '10 Peso', 27, 'COLD'),
(1600, 0.5, '2025-07-21 12:00:00', '1 Peso', 27, 'COLD'),
(1601, 2.5, '2025-07-22 13:00:00', '5 Peso', 27, 'COLD'),
(1602, 5, '2025-08-01 11:00:00', '10 Peso', 27, 'COLD'),
(1603, 1, '2025-08-02 14:00:00', '1 Peso', 27, 'COLD'),
(1604, 2.5, '2025-08-03 16:00:00', '5 Peso', 27, 'COLD'),
(1605, 5, '2025-08-04 10:00:00', '10 Peso', 27, 'COLD'),
(1606, 0.5, '2025-08-05 12:00:00', '1 Peso', 27, 'COLD'),
(1607, 2.5, '2025-08-06 13:00:00', '5 Peso', 27, 'COLD'),
(1608, 5, '2025-08-07 11:00:00', '10 Peso', 27, 'COLD'),
(1609, 1, '2025-08-08 14:00:00', '1 Peso', 27, 'COLD'),
(1610, 2.5, '2025-08-09 16:00:00', '5 Peso', 27, 'COLD'),
(1611, 5, '2025-08-10 10:00:00', '10 Peso', 27, 'COLD'),
(1612, 2.5, '2025-07-15 10:00:00', '5 Peso', 27, 'COLD'),
(1613, 5, '2025-07-15 12:00:00', '10 Peso', 27, 'COLD'),
(1614, 0.5, '2025-07-16 09:00:00', '1 Peso', 27, 'COLD'),
(1615, 2.5, '2025-07-16 15:00:00', '5 Peso', 27, 'COLD'),
(1616, 5, '2025-07-17 11:00:00', '10 Peso', 27, 'COLD'),
(1617, 1, '2025-07-18 14:00:00', '1 Peso', 27, 'COLD'),
(1618, 2.5, '2025-07-19 16:00:00', '5 Peso', 27, 'COLD'),
(1619, 5, '2025-07-20 10:00:00', '10 Peso', 27, 'COLD'),
(1620, 0.5, '2025-07-21 12:00:00', '1 Peso', 27, 'COLD'),
(1621, 2.5, '2025-07-22 13:00:00', '5 Peso', 27, 'COLD'),
(1622, 5, '2025-08-01 11:00:00', '10 Peso', 27, 'COLD'),
(1623, 1, '2025-08-02 14:00:00', '1 Peso', 27, 'COLD'),
(1624, 2.5, '2025-08-03 16:00:00', '5 Peso', 27, 'COLD'),
(1625, 5, '2025-08-04 10:00:00', '10 Peso', 27, 'COLD'),
(1626, 0.5, '2025-08-05 12:00:00', '1 Peso', 27, 'COLD'),
(1627, 2.5, '2025-08-06 13:00:00', '5 Peso', 27, 'COLD'),
(1628, 5, '2025-08-07 11:00:00', '10 Peso', 27, 'COLD'),
(1629, 1, '2025-08-08 14:00:00', '1 Peso', 27, 'COLD'),
(1630, 2.5, '2025-08-09 16:00:00', '5 Peso', 27, 'COLD'),
(1631, 5, '2025-08-10 10:00:00', '10 Peso', 27, 'COLD'),
(1632, 2.5, '2025-07-15 10:00:00', '5 Peso', 27, 'COLD'),
(1633, 5, '2025-07-15 12:00:00', '10 Peso', 27, 'COLD'),
(1634, 0.5, '2025-07-16 09:00:00', '1 Peso', 27, 'COLD'),
(1635, 2.5, '2025-07-16 15:00:00', '5 Peso', 27, 'COLD'),
(1636, 5, '2025-07-17 11:00:00', '10 Peso', 27, 'COLD'),
(1637, 1, '2025-07-18 14:00:00', '1 Peso', 27, 'COLD'),
(1638, 2.5, '2025-07-19 16:00:00', '5 Peso', 27, 'COLD'),
(1639, 5, '2025-07-20 10:00:00', '10 Peso', 27, 'COLD'),
(1640, 0.5, '2025-07-21 12:00:00', '1 Peso', 27, 'COLD'),
(1641, 2.5, '2025-07-22 13:00:00', '5 Peso', 27, 'COLD'),
(1642, 5, '2025-08-01 11:00:00', '10 Peso', 27, 'COLD'),
(1643, 1, '2025-08-02 14:00:00', '1 Peso', 27, 'COLD'),
(1644, 2.5, '2025-08-03 16:00:00', '5 Peso', 27, 'COLD'),
(1645, 5, '2025-08-04 10:00:00', '10 Peso', 27, 'COLD'),
(1646, 0.5, '2025-08-05 12:00:00', '1 Peso', 27, 'COLD'),
(1647, 2.5, '2025-08-06 13:00:00', '5 Peso', 27, 'COLD'),
(1648, 5, '2025-08-07 11:00:00', '10 Peso', 27, 'COLD'),
(1649, 1, '2025-08-08 14:00:00', '1 Peso', 27, 'COLD'),
(1650, 2.5, '2025-08-09 16:00:00', '5 Peso', 27, 'COLD'),
(1651, 5, '2025-08-10 10:00:00', '10 Peso', 27, 'COLD'),
(1652, 2.5, '2025-07-15 10:00:00', '5 Peso', 27, 'COLD'),
(1653, 5, '2025-07-15 12:00:00', '10 Peso', 27, 'COLD'),
(1654, 0.5, '2025-07-16 09:00:00', '1 Peso', 27, 'COLD'),
(1655, 2.5, '2025-07-16 15:00:00', '5 Peso', 27, 'COLD'),
(1656, 5, '2025-07-17 11:00:00', '10 Peso', 27, 'COLD'),
(1657, 1, '2025-07-18 14:00:00', '1 Peso', 27, 'COLD'),
(1658, 2.5, '2025-07-19 16:00:00', '5 Peso', 27, 'COLD'),
(1659, 5, '2025-07-20 10:00:00', '10 Peso', 27, 'COLD'),
(1660, 0.5, '2025-07-21 12:00:00', '1 Peso', 27, 'COLD'),
(1661, 2.5, '2025-07-22 13:00:00', '5 Peso', 27, 'COLD'),
(1662, 5, '2025-08-01 11:00:00', '10 Peso', 27, 'COLD'),
(1663, 1, '2025-08-02 14:00:00', '1 Peso', 27, 'COLD'),
(1664, 2.5, '2025-08-03 16:00:00', '5 Peso', 27, 'COLD'),
(1665, 5, '2025-08-04 10:00:00', '10 Peso', 27, 'COLD'),
(1666, 0.5, '2025-08-05 12:00:00', '1 Peso', 27, 'COLD'),
(1667, 2.5, '2025-08-06 13:00:00', '5 Peso', 27, 'COLD'),
(1668, 5, '2025-08-07 11:00:00', '10 Peso', 27, 'COLD'),
(1669, 1, '2025-08-08 14:00:00', '1 Peso', 27, 'COLD'),
(1670, 2.5, '2025-08-09 16:00:00', '5 Peso', 27, 'COLD'),
(1671, 5, '2025-08-10 10:00:00', '10 Peso', 27, 'COLD'),
(1672, 2.5, '2025-08-25 15:48:09', '5 Peso', 27, 'COLD'),
(1673, 5, '2025-08-25 15:48:59', '10 Peso', 27, 'COLD'),
(1674, 2.5, '2025-08-25 15:49:58', '5 Peso', 27, 'COLD'),
(1675, 2.5, '2025-07-15 10:00:00', '5 Peso', 27, 'COLD'),
(1676, 5, '2025-07-15 12:00:00', '10 Peso', 27, 'COLD'),
(1677, 0.5, '2025-07-16 09:00:00', '1 Peso', 27, 'COLD'),
(1678, 2.5, '2025-07-16 15:00:00', '5 Peso', 27, 'COLD'),
(1679, 5, '2025-07-17 11:00:00', '10 Peso', 27, 'COLD'),
(1680, 1, '2025-07-18 14:00:00', '1 Peso', 27, 'COLD'),
(1681, 2.5, '2025-07-19 16:00:00', '5 Peso', 27, 'COLD'),
(1682, 5, '2025-07-20 10:00:00', '10 Peso', 27, 'COLD'),
(1683, 0.5, '2025-07-21 12:00:00', '1 Peso', 27, 'COLD'),
(1684, 2.5, '2025-07-22 13:00:00', '5 Peso', 27, 'COLD'),
(1685, 5, '2025-08-01 11:00:00', '10 Peso', 27, 'COLD'),
(1686, 1, '2025-08-02 14:00:00', '1 Peso', 27, 'COLD'),
(1687, 2.5, '2025-08-03 16:00:00', '5 Peso', 27, 'COLD'),
(1688, 5, '2025-08-04 10:00:00', '10 Peso', 27, 'COLD'),
(1689, 0.5, '2025-08-05 12:00:00', '1 Peso', 27, 'COLD'),
(1690, 2.5, '2025-08-06 13:00:00', '5 Peso', 27, 'COLD'),
(1691, 5, '2025-08-07 11:00:00', '10 Peso', 27, 'COLD'),
(1692, 1, '2025-08-08 14:00:00', '1 Peso', 27, 'COLD'),
(1693, 2.5, '2025-08-09 16:00:00', '5 Peso', 27, 'COLD'),
(1694, 5, '2025-08-10 10:00:00', '10 Peso', 27, 'COLD'),
(1695, 2.5, '2025-07-15 10:00:00', '5 Peso', 27, 'COLD'),
(1696, 5, '2025-07-15 12:00:00', '10 Peso', 27, 'COLD'),
(1697, 0.5, '2025-07-16 09:00:00', '1 Peso', 27, 'COLD'),
(1698, 2.5, '2025-07-16 15:00:00', '5 Peso', 27, 'COLD'),
(1699, 5, '2025-07-17 11:00:00', '10 Peso', 27, 'COLD'),
(1700, 1, '2025-07-18 14:00:00', '1 Peso', 27, 'COLD'),
(1701, 2.5, '2025-07-19 16:00:00', '5 Peso', 27, 'COLD'),
(1702, 5, '2025-07-20 10:00:00', '10 Peso', 27, 'COLD'),
(1703, 0.5, '2025-07-21 12:00:00', '1 Peso', 27, 'COLD'),
(1704, 2.5, '2025-07-22 13:00:00', '5 Peso', 27, 'COLD'),
(1705, 5, '2025-08-01 11:00:00', '10 Peso', 27, 'COLD'),
(1706, 1, '2025-08-02 14:00:00', '1 Peso', 27, 'COLD'),
(1707, 2.5, '2025-08-03 16:00:00', '5 Peso', 27, 'COLD'),
(1708, 5, '2025-08-04 10:00:00', '10 Peso', 27, 'COLD'),
(1709, 0.5, '2025-08-05 12:00:00', '1 Peso', 27, 'COLD'),
(1710, 2.5, '2025-08-06 13:00:00', '5 Peso', 27, 'COLD'),
(1711, 5, '2025-08-07 11:00:00', '10 Peso', 27, 'COLD'),
(1712, 1, '2025-08-08 14:00:00', '1 Peso', 27, 'COLD'),
(1713, 2.5, '2025-08-09 16:00:00', '5 Peso', 27, 'COLD'),
(1714, 5, '2025-08-10 10:00:00', '10 Peso', 27, 'COLD'),
(1715, 2.5, '2025-07-15 10:00:00', '5 Peso', 27, 'COLD'),
(1716, 5, '2025-07-15 12:00:00', '10 Peso', 27, 'COLD'),
(1717, 0.5, '2025-07-16 09:00:00', '1 Peso', 27, 'COLD'),
(1718, 2.5, '2025-07-16 15:00:00', '5 Peso', 27, 'COLD'),
(1719, 5, '2025-07-17 11:00:00', '10 Peso', 27, 'COLD'),
(1720, 1, '2025-07-18 14:00:00', '1 Peso', 27, 'COLD'),
(1721, 2.5, '2025-07-19 16:00:00', '5 Peso', 27, 'COLD'),
(1722, 5, '2025-07-20 10:00:00', '10 Peso', 27, 'COLD'),
(1723, 0.5, '2025-07-21 12:00:00', '1 Peso', 27, 'COLD'),
(1724, 2.5, '2025-07-22 13:00:00', '5 Peso', 27, 'COLD'),
(1725, 5, '2025-08-01 11:00:00', '10 Peso', 27, 'COLD'),
(1726, 1, '2025-08-02 14:00:00', '1 Peso', 27, 'COLD'),
(1727, 2.5, '2025-08-03 16:00:00', '5 Peso', 27, 'COLD'),
(1728, 5, '2025-08-04 10:00:00', '10 Peso', 27, 'COLD'),
(1729, 0.5, '2025-08-05 12:00:00', '1 Peso', 27, 'COLD'),
(1730, 2.5, '2025-08-06 13:00:00', '5 Peso', 27, 'COLD'),
(1731, 5, '2025-08-07 11:00:00', '10 Peso', 27, 'COLD'),
(1732, 1, '2025-08-08 14:00:00', '1 Peso', 27, 'COLD'),
(1733, 2.5, '2025-08-09 16:00:00', '5 Peso', 27, 'COLD'),
(1734, 5, '2025-08-10 10:00:00', '10 Peso', 27, 'COLD'),
(1735, 2.5, '2025-07-15 10:00:00', '5 Peso', 27, 'COLD'),
(1736, 5, '2025-07-15 12:00:00', '10 Peso', 27, 'COLD'),
(1737, 0.5, '2025-07-16 09:00:00', '1 Peso', 27, 'COLD'),
(1738, 2.5, '2025-07-16 15:00:00', '5 Peso', 27, 'COLD'),
(1739, 5, '2025-07-17 11:00:00', '10 Peso', 27, 'COLD'),
(1740, 1, '2025-07-18 14:00:00', '1 Peso', 27, 'COLD'),
(1741, 2.5, '2025-07-19 16:00:00', '5 Peso', 27, 'COLD'),
(1742, 5, '2025-07-20 10:00:00', '10 Peso', 27, 'COLD'),
(1743, 0.5, '2025-07-21 12:00:00', '1 Peso', 27, 'COLD'),
(1744, 2.5, '2025-07-22 13:00:00', '5 Peso', 27, 'COLD'),
(1745, 5, '2025-08-01 11:00:00', '10 Peso', 27, 'COLD'),
(1746, 1, '2025-08-02 14:00:00', '1 Peso', 27, 'COLD'),
(1747, 2.5, '2025-08-03 16:00:00', '5 Peso', 27, 'COLD'),
(1748, 5, '2025-08-04 10:00:00', '10 Peso', 27, 'COLD'),
(1749, 0.5, '2025-08-05 12:00:00', '1 Peso', 27, 'COLD'),
(1750, 2.5, '2025-08-06 13:00:00', '5 Peso', 27, 'COLD'),
(1751, 5, '2025-08-07 11:00:00', '10 Peso', 27, 'COLD'),
(1752, 1, '2025-08-08 14:00:00', '1 Peso', 27, 'COLD'),
(1753, 2.5, '2025-08-09 16:00:00', '5 Peso', 27, 'COLD'),
(1754, 5, '2025-08-10 10:00:00', '10 Peso', 27, 'COLD'),
(1755, 2.5, '2025-07-15 10:00:00', '5 Peso', 27, 'COLD'),
(1756, 5, '2025-07-15 12:00:00', '10 Peso', 27, 'COLD'),
(1757, 0.5, '2025-07-16 09:00:00', '1 Peso', 27, 'COLD'),
(1758, 2.5, '2025-07-16 15:00:00', '5 Peso', 27, 'COLD'),
(1759, 5, '2025-07-17 11:00:00', '10 Peso', 27, 'COLD'),
(1760, 1, '2025-07-18 14:00:00', '1 Peso', 27, 'COLD'),
(1761, 2.5, '2025-07-19 16:00:00', '5 Peso', 27, 'COLD'),
(1762, 5, '2025-07-20 10:00:00', '10 Peso', 27, 'COLD'),
(1763, 0.5, '2025-07-21 12:00:00', '1 Peso', 27, 'COLD'),
(1764, 2.5, '2025-07-22 13:00:00', '5 Peso', 27, 'COLD'),
(1765, 5, '2025-08-01 11:00:00', '10 Peso', 27, 'COLD'),
(1766, 1, '2025-08-02 14:00:00', '1 Peso', 27, 'COLD'),
(1767, 2.5, '2025-08-03 16:00:00', '5 Peso', 27, 'COLD'),
(1768, 5, '2025-08-04 10:00:00', '10 Peso', 27, 'COLD'),
(1769, 0.5, '2025-08-05 12:00:00', '1 Peso', 27, 'COLD'),
(1770, 2.5, '2025-08-06 13:00:00', '5 Peso', 27, 'COLD'),
(1771, 5, '2025-08-07 11:00:00', '10 Peso', 27, 'COLD'),
(1772, 1, '2025-08-08 14:00:00', '1 Peso', 27, 'COLD'),
(1773, 2.5, '2025-08-09 16:00:00', '5 Peso', 27, 'COLD'),
(1774, 5, '2025-08-10 10:00:00', '10 Peso', 27, 'COLD'),
(1775, 2.5, '2025-07-15 10:00:00', '5 Peso', 27, 'COLD'),
(1776, 5, '2025-07-15 12:00:00', '10 Peso', 27, 'COLD'),
(1777, 0.5, '2025-07-16 09:00:00', '1 Peso', 27, 'COLD'),
(1778, 2.5, '2025-07-16 15:00:00', '5 Peso', 27, 'COLD'),
(1779, 5, '2025-07-17 11:00:00', '10 Peso', 27, 'COLD'),
(1780, 1, '2025-07-18 14:00:00', '1 Peso', 27, 'COLD'),
(1781, 2.5, '2025-07-19 16:00:00', '5 Peso', 27, 'COLD'),
(1782, 5, '2025-07-20 10:00:00', '10 Peso', 27, 'COLD'),
(1783, 0.5, '2025-07-21 12:00:00', '1 Peso', 27, 'COLD'),
(1784, 2.5, '2025-07-22 13:00:00', '5 Peso', 27, 'COLD'),
(1785, 5, '2025-08-01 11:00:00', '10 Peso', 27, 'COLD'),
(1786, 1, '2025-08-02 14:00:00', '1 Peso', 27, 'COLD'),
(1787, 2.5, '2025-08-03 16:00:00', '5 Peso', 27, 'COLD'),
(1788, 5, '2025-08-04 10:00:00', '10 Peso', 27, 'COLD'),
(1789, 0.5, '2025-08-05 12:00:00', '1 Peso', 27, 'COLD'),
(1790, 2.5, '2025-08-06 13:00:00', '5 Peso', 27, 'COLD'),
(1791, 5, '2025-08-07 11:00:00', '10 Peso', 27, 'COLD'),
(1792, 1, '2025-08-08 14:00:00', '1 Peso', 27, 'COLD'),
(1793, 2.5, '2025-08-09 16:00:00', '5 Peso', 27, 'COLD'),
(1794, 5, '2025-08-10 10:00:00', '10 Peso', 27, 'COLD'),
(1795, 2.5, '2025-07-15 10:00:00', '5 Peso', 27, 'COLD'),
(1796, 5, '2025-07-15 12:00:00', '10 Peso', 27, 'COLD'),
(1797, 0.5, '2025-07-16 09:00:00', '1 Peso', 27, 'COLD'),
(1798, 2.5, '2025-07-16 15:00:00', '5 Peso', 27, 'COLD'),
(1799, 5, '2025-07-17 11:00:00', '10 Peso', 27, 'COLD'),
(1800, 1, '2025-07-18 14:00:00', '1 Peso', 27, 'COLD'),
(1801, 2.5, '2025-07-19 16:00:00', '5 Peso', 27, 'COLD'),
(1802, 5, '2025-07-20 10:00:00', '10 Peso', 27, 'COLD'),
(1803, 0.5, '2025-07-21 12:00:00', '1 Peso', 27, 'COLD'),
(1804, 2.5, '2025-07-22 13:00:00', '5 Peso', 27, 'COLD'),
(1805, 5, '2025-08-01 11:00:00', '10 Peso', 27, 'COLD'),
(1806, 1, '2025-08-02 14:00:00', '1 Peso', 27, 'COLD'),
(1807, 2.5, '2025-08-03 16:00:00', '5 Peso', 27, 'COLD'),
(1808, 5, '2025-08-04 10:00:00', '10 Peso', 27, 'COLD'),
(1809, 0.5, '2025-08-05 12:00:00', '1 Peso', 27, 'COLD'),
(1810, 2.5, '2025-08-06 13:00:00', '5 Peso', 27, 'COLD'),
(1811, 5, '2025-08-07 11:00:00', '10 Peso', 27, 'COLD'),
(1812, 1, '2025-08-08 14:00:00', '1 Peso', 27, 'COLD'),
(1813, 2.5, '2025-08-09 16:00:00', '5 Peso', 27, 'COLD'),
(1814, 5, '2025-08-10 10:00:00', '10 Peso', 27, 'COLD'),
(1815, 2.5, '2025-07-15 10:00:00', '5 Peso', 27, 'COLD'),
(1816, 5, '2025-07-15 12:00:00', '10 Peso', 27, 'COLD'),
(1817, 0.5, '2025-07-16 09:00:00', '1 Peso', 27, 'COLD'),
(1818, 2.5, '2025-07-16 15:00:00', '5 Peso', 27, 'COLD'),
(1819, 5, '2025-07-17 11:00:00', '10 Peso', 27, 'COLD'),
(1820, 1, '2025-07-18 14:00:00', '1 Peso', 27, 'COLD'),
(1821, 2.5, '2025-07-19 16:00:00', '5 Peso', 27, 'COLD'),
(1822, 5, '2025-07-20 10:00:00', '10 Peso', 27, 'COLD'),
(1823, 0.5, '2025-07-21 12:00:00', '1 Peso', 27, 'COLD'),
(1824, 2.5, '2025-07-22 13:00:00', '5 Peso', 27, 'COLD'),
(1825, 5, '2025-08-01 11:00:00', '10 Peso', 27, 'COLD'),
(1826, 1, '2025-08-02 14:00:00', '1 Peso', 27, 'COLD'),
(1827, 2.5, '2025-08-03 16:00:00', '5 Peso', 27, 'COLD'),
(1828, 5, '2025-08-04 10:00:00', '10 Peso', 27, 'COLD'),
(1829, 0.5, '2025-08-05 12:00:00', '1 Peso', 27, 'COLD'),
(1830, 2.5, '2025-08-06 13:00:00', '5 Peso', 27, 'COLD'),
(1831, 5, '2025-08-07 11:00:00', '10 Peso', 27, 'COLD'),
(1832, 1, '2025-08-08 14:00:00', '1 Peso', 27, 'COLD'),
(1833, 2.5, '2025-08-09 16:00:00', '5 Peso', 27, 'COLD'),
(1834, 5, '2025-08-10 10:00:00', '10 Peso', 27, 'COLD'),
(1835, 2.5, '2025-07-15 10:00:00', '5 Peso', 27, 'COLD'),
(1836, 5, '2025-07-15 12:00:00', '10 Peso', 27, 'COLD'),
(1837, 0.5, '2025-07-16 09:00:00', '1 Peso', 27, 'COLD'),
(1838, 2.5, '2025-07-16 15:00:00', '5 Peso', 27, 'COLD'),
(1839, 5, '2025-07-17 11:00:00', '10 Peso', 27, 'COLD'),
(1840, 1, '2025-07-18 14:00:00', '1 Peso', 27, 'COLD'),
(1841, 2.5, '2025-07-19 16:00:00', '5 Peso', 27, 'COLD'),
(1842, 5, '2025-07-20 10:00:00', '10 Peso', 27, 'COLD'),
(1843, 0.5, '2025-07-21 12:00:00', '1 Peso', 27, 'COLD'),
(1844, 2.5, '2025-07-22 13:00:00', '5 Peso', 27, 'COLD'),
(1845, 5, '2025-08-01 11:00:00', '10 Peso', 27, 'COLD'),
(1846, 1, '2025-08-02 14:00:00', '1 Peso', 27, 'COLD'),
(1847, 2.5, '2025-08-03 16:00:00', '5 Peso', 27, 'COLD'),
(1848, 5, '2025-08-04 10:00:00', '10 Peso', 27, 'COLD'),
(1849, 0.5, '2025-08-05 12:00:00', '1 Peso', 27, 'COLD'),
(1850, 2.5, '2025-08-06 13:00:00', '5 Peso', 27, 'COLD'),
(1851, 5, '2025-08-07 11:00:00', '10 Peso', 27, 'COLD'),
(1852, 1, '2025-08-08 14:00:00', '1 Peso', 27, 'COLD'),
(1853, 2.5, '2025-08-09 16:00:00', '5 Peso', 27, 'COLD'),
(1854, 5, '2025-08-10 10:00:00', '10 Peso', 27, 'COLD'),
(1855, 2.5, '2025-07-15 10:00:00', '5 Peso', 27, 'COLD'),
(1856, 5, '2025-07-15 12:00:00', '10 Peso', 27, 'COLD'),
(1857, 0.5, '2025-07-16 09:00:00', '1 Peso', 27, 'COLD'),
(1858, 2.5, '2025-07-16 15:00:00', '5 Peso', 27, 'COLD'),
(1859, 5, '2025-07-17 11:00:00', '10 Peso', 27, 'COLD'),
(1860, 1, '2025-07-18 14:00:00', '1 Peso', 27, 'COLD'),
(1861, 2.5, '2025-07-19 16:00:00', '5 Peso', 27, 'COLD'),
(1862, 5, '2025-07-20 10:00:00', '10 Peso', 27, 'COLD'),
(1863, 0.5, '2025-07-21 12:00:00', '1 Peso', 27, 'COLD'),
(1864, 2.5, '2025-07-22 13:00:00', '5 Peso', 27, 'COLD'),
(1865, 5, '2025-08-01 11:00:00', '10 Peso', 27, 'COLD'),
(1866, 1, '2025-08-02 14:00:00', '1 Peso', 27, 'COLD'),
(1867, 2.5, '2025-08-03 16:00:00', '5 Peso', 27, 'COLD'),
(1868, 5, '2025-08-04 10:00:00', '10 Peso', 27, 'COLD'),
(1869, 0.5, '2025-08-05 12:00:00', '1 Peso', 27, 'COLD'),
(1870, 2.5, '2025-08-06 13:00:00', '5 Peso', 27, 'COLD'),
(1871, 5, '2025-08-07 11:00:00', '10 Peso', 27, 'COLD'),
(1872, 1, '2025-08-08 14:00:00', '1 Peso', 27, 'COLD'),
(1873, 2.5, '2025-08-09 16:00:00', '5 Peso', 27, 'COLD'),
(1874, 5, '2025-08-10 10:00:00', '10 Peso', 27, 'COLD'),
(1875, 2.5, '2025-07-15 10:00:00', '5 Peso', 27, 'COLD'),
(1876, 5, '2025-07-15 12:00:00', '10 Peso', 27, 'COLD'),
(1877, 0.5, '2025-07-16 09:00:00', '1 Peso', 27, 'COLD'),
(1878, 2.5, '2025-07-16 15:00:00', '5 Peso', 27, 'COLD'),
(1879, 5, '2025-07-17 11:00:00', '10 Peso', 27, 'COLD'),
(1880, 1, '2025-07-18 14:00:00', '1 Peso', 27, 'COLD'),
(1881, 2.5, '2025-07-19 16:00:00', '5 Peso', 27, 'COLD'),
(1882, 5, '2025-07-20 10:00:00', '10 Peso', 27, 'COLD'),
(1883, 0.5, '2025-07-21 12:00:00', '1 Peso', 27, 'COLD'),
(1884, 2.5, '2025-07-22 13:00:00', '5 Peso', 27, 'COLD'),
(1885, 5, '2025-08-01 11:00:00', '10 Peso', 27, 'COLD'),
(1886, 1, '2025-08-02 14:00:00', '1 Peso', 27, 'COLD'),
(1887, 2.5, '2025-08-03 16:00:00', '5 Peso', 27, 'COLD'),
(1888, 5, '2025-08-04 10:00:00', '10 Peso', 27, 'COLD'),
(1889, 0.5, '2025-08-05 12:00:00', '1 Peso', 27, 'COLD'),
(1890, 2.5, '2025-08-06 13:00:00', '5 Peso', 27, 'COLD'),
(1891, 5, '2025-08-07 11:00:00', '10 Peso', 27, 'COLD'),
(1892, 1, '2025-08-08 14:00:00', '1 Peso', 27, 'COLD'),
(1893, 2.5, '2025-08-09 16:00:00', '5 Peso', 27, 'COLD'),
(1894, 5, '2025-08-10 10:00:00', '10 Peso', 27, 'COLD'),
(1895, 2.5, '2025-07-15 10:00:00', '5 Peso', 27, 'COLD'),
(1896, 5, '2025-07-15 12:00:00', '10 Peso', 27, 'COLD'),
(1897, 0.5, '2025-07-16 09:00:00', '1 Peso', 27, 'COLD'),
(1898, 2.5, '2025-07-16 15:00:00', '5 Peso', 27, 'COLD'),
(1899, 5, '2025-07-17 11:00:00', '10 Peso', 27, 'COLD'),
(1900, 1, '2025-07-18 14:00:00', '1 Peso', 27, 'COLD'),
(1901, 2.5, '2025-07-19 16:00:00', '5 Peso', 27, 'COLD'),
(1902, 5, '2025-07-20 10:00:00', '10 Peso', 27, 'COLD'),
(1903, 0.5, '2025-07-21 12:00:00', '1 Peso', 27, 'COLD'),
(1904, 2.5, '2025-07-22 13:00:00', '5 Peso', 27, 'COLD'),
(1905, 5, '2025-08-01 11:00:00', '10 Peso', 27, 'COLD'),
(1906, 1, '2025-08-02 14:00:00', '1 Peso', 27, 'COLD'),
(1907, 2.5, '2025-08-03 16:00:00', '5 Peso', 27, 'COLD'),
(1908, 5, '2025-08-04 10:00:00', '10 Peso', 27, 'COLD'),
(1909, 0.5, '2025-08-05 12:00:00', '1 Peso', 27, 'COLD'),
(1910, 2.5, '2025-08-06 13:00:00', '5 Peso', 27, 'COLD'),
(1911, 5, '2025-08-07 11:00:00', '10 Peso', 27, 'COLD'),
(1912, 1, '2025-08-08 14:00:00', '1 Peso', 27, 'COLD'),
(1913, 2.5, '2025-08-09 16:00:00', '5 Peso', 27, 'COLD'),
(1914, 5, '2025-08-10 10:00:00', '10 Peso', 27, 'COLD'),
(1915, 2.5, '2025-07-15 10:00:00', '5 Peso', 27, 'COLD'),
(1916, 5, '2025-07-15 12:00:00', '10 Peso', 27, 'COLD'),
(1917, 0.5, '2025-07-16 09:00:00', '1 Peso', 27, 'COLD'),
(1918, 2.5, '2025-07-16 15:00:00', '5 Peso', 27, 'COLD'),
(1919, 5, '2025-07-17 11:00:00', '10 Peso', 27, 'COLD'),
(1920, 1, '2025-07-18 14:00:00', '1 Peso', 27, 'COLD'),
(1921, 2.5, '2025-07-19 16:00:00', '5 Peso', 27, 'COLD'),
(1922, 5, '2025-07-20 10:00:00', '10 Peso', 27, 'COLD'),
(1923, 0.5, '2025-07-21 12:00:00', '1 Peso', 27, 'COLD'),
(1924, 2.5, '2025-07-22 13:00:00', '5 Peso', 27, 'COLD'),
(1925, 5, '2025-08-01 11:00:00', '10 Peso', 27, 'COLD'),
(1926, 1, '2025-08-02 14:00:00', '1 Peso', 27, 'COLD'),
(1927, 2.5, '2025-08-03 16:00:00', '5 Peso', 27, 'COLD'),
(1928, 5, '2025-08-04 10:00:00', '10 Peso', 27, 'COLD'),
(1929, 0.5, '2025-08-05 12:00:00', '1 Peso', 27, 'COLD'),
(1930, 2.5, '2025-08-06 13:00:00', '5 Peso', 27, 'COLD'),
(1931, 5, '2025-08-07 11:00:00', '10 Peso', 27, 'COLD'),
(1932, 1, '2025-08-08 14:00:00', '1 Peso', 27, 'COLD'),
(1933, 2.5, '2025-08-09 16:00:00', '5 Peso', 27, 'COLD'),
(1934, 5, '2025-08-10 10:00:00', '10 Peso', 27, 'COLD'),
(1935, 2.5, '2025-07-15 10:00:00', '5 Peso', 27, 'COLD'),
(1936, 5, '2025-07-15 12:00:00', '10 Peso', 27, 'COLD'),
(1937, 0.5, '2025-07-16 09:00:00', '1 Peso', 27, 'COLD'),
(1938, 2.5, '2025-07-16 15:00:00', '5 Peso', 27, 'COLD'),
(1939, 5, '2025-07-17 11:00:00', '10 Peso', 27, 'COLD'),
(1940, 1, '2025-07-18 14:00:00', '1 Peso', 27, 'COLD'),
(1941, 2.5, '2025-07-19 16:00:00', '5 Peso', 27, 'COLD'),
(1942, 5, '2025-07-20 10:00:00', '10 Peso', 27, 'COLD'),
(1943, 0.5, '2025-07-21 12:00:00', '1 Peso', 27, 'COLD'),
(1944, 2.5, '2025-07-22 13:00:00', '5 Peso', 27, 'COLD'),
(1945, 5, '2025-08-01 11:00:00', '10 Peso', 27, 'COLD'),
(1946, 1, '2025-08-02 14:00:00', '1 Peso', 27, 'COLD'),
(1947, 2.5, '2025-08-03 16:00:00', '5 Peso', 27, 'COLD'),
(1948, 5, '2025-08-04 10:00:00', '10 Peso', 27, 'COLD'),
(1949, 0.5, '2025-08-05 12:00:00', '1 Peso', 27, 'COLD'),
(1950, 2.5, '2025-08-06 13:00:00', '5 Peso', 27, 'COLD'),
(1951, 5, '2025-08-07 11:00:00', '10 Peso', 27, 'COLD'),
(1952, 1, '2025-08-08 14:00:00', '1 Peso', 27, 'COLD'),
(1953, 2.5, '2025-08-09 16:00:00', '5 Peso', 27, 'COLD'),
(1954, 5, '2025-08-10 10:00:00', '10 Peso', 27, 'COLD'),
(1955, 2.5, '2025-07-15 10:00:00', '5 Peso', 27, 'COLD'),
(1956, 5, '2025-07-15 12:00:00', '10 Peso', 27, 'COLD'),
(1957, 0.5, '2025-07-16 09:00:00', '1 Peso', 27, 'COLD'),
(1958, 2.5, '2025-07-16 15:00:00', '5 Peso', 27, 'COLD'),
(1959, 5, '2025-07-17 11:00:00', '10 Peso', 27, 'COLD'),
(1960, 1, '2025-07-18 14:00:00', '1 Peso', 27, 'COLD'),
(1961, 2.5, '2025-07-19 16:00:00', '5 Peso', 27, 'COLD'),
(1962, 5, '2025-07-20 10:00:00', '10 Peso', 27, 'COLD'),
(1963, 0.5, '2025-07-21 12:00:00', '1 Peso', 27, 'COLD'),
(1964, 2.5, '2025-07-22 13:00:00', '5 Peso', 27, 'COLD'),
(1965, 5, '2025-08-01 11:00:00', '10 Peso', 27, 'COLD'),
(1966, 1, '2025-08-02 14:00:00', '1 Peso', 27, 'COLD'),
(1967, 2.5, '2025-08-03 16:00:00', '5 Peso', 27, 'COLD'),
(1968, 5, '2025-08-04 10:00:00', '10 Peso', 27, 'COLD'),
(1969, 0.5, '2025-08-05 12:00:00', '1 Peso', 27, 'COLD'),
(1970, 2.5, '2025-08-06 13:00:00', '5 Peso', 27, 'COLD'),
(1971, 5, '2025-08-07 11:00:00', '10 Peso', 27, 'COLD'),
(1972, 1, '2025-08-08 14:00:00', '1 Peso', 27, 'COLD'),
(1973, 2.5, '2025-08-09 16:00:00', '5 Peso', 27, 'COLD'),
(1974, 5, '2025-08-10 10:00:00', '10 Peso', 27, 'COLD'),
(1975, 2.5, '2025-07-15 10:00:00', '5 Peso', 27, 'COLD'),
(1976, 5, '2025-07-15 12:00:00', '10 Peso', 27, 'COLD'),
(1977, 0.5, '2025-07-16 09:00:00', '1 Peso', 27, 'COLD'),
(1978, 2.5, '2025-07-16 15:00:00', '5 Peso', 27, 'COLD'),
(1979, 5, '2025-07-17 11:00:00', '10 Peso', 27, 'COLD'),
(1980, 1, '2025-07-18 14:00:00', '1 Peso', 27, 'COLD'),
(1981, 2.5, '2025-07-19 16:00:00', '5 Peso', 27, 'COLD'),
(1982, 5, '2025-07-20 10:00:00', '10 Peso', 27, 'COLD'),
(1983, 0.5, '2025-07-21 12:00:00', '1 Peso', 27, 'COLD'),
(1984, 2.5, '2025-07-22 13:00:00', '5 Peso', 27, 'COLD'),
(1985, 5, '2025-08-01 11:00:00', '10 Peso', 27, 'COLD'),
(1986, 1, '2025-08-02 14:00:00', '1 Peso', 27, 'COLD'),
(1987, 2.5, '2025-08-03 16:00:00', '5 Peso', 27, 'COLD'),
(1988, 5, '2025-08-04 10:00:00', '10 Peso', 27, 'COLD'),
(1989, 0.5, '2025-08-05 12:00:00', '1 Peso', 27, 'COLD'),
(1990, 2.5, '2025-08-06 13:00:00', '5 Peso', 27, 'COLD'),
(1991, 5, '2025-08-07 11:00:00', '10 Peso', 27, 'COLD'),
(1992, 1, '2025-08-08 14:00:00', '1 Peso', 27, 'COLD'),
(1993, 2.5, '2025-08-09 16:00:00', '5 Peso', 27, 'COLD'),
(1994, 5, '2025-08-10 10:00:00', '10 Peso', 27, 'COLD'),
(1995, 2.5, '2025-07-15 10:00:00', '5 Peso', 27, 'COLD'),
(1996, 5, '2025-07-15 12:00:00', '10 Peso', 27, 'COLD'),
(1997, 0.5, '2025-07-16 09:00:00', '1 Peso', 27, 'COLD'),
(1998, 2.5, '2025-07-16 15:00:00', '5 Peso', 27, 'COLD'),
(1999, 5, '2025-07-17 11:00:00', '10 Peso', 27, 'COLD'),
(2000, 1, '2025-07-18 14:00:00', '1 Peso', 27, 'COLD'),
(2001, 2.5, '2025-07-19 16:00:00', '5 Peso', 27, 'COLD'),
(2002, 5, '2025-07-20 10:00:00', '10 Peso', 27, 'COLD'),
(2003, 0.5, '2025-07-21 12:00:00', '1 Peso', 27, 'COLD'),
(2004, 2.5, '2025-07-22 13:00:00', '5 Peso', 27, 'COLD'),
(2005, 5, '2025-08-01 11:00:00', '10 Peso', 27, 'COLD'),
(2006, 1, '2025-08-02 14:00:00', '1 Peso', 27, 'COLD'),
(2007, 2.5, '2025-08-03 16:00:00', '5 Peso', 27, 'COLD'),
(2008, 5, '2025-08-04 10:00:00', '10 Peso', 27, 'COLD'),
(2009, 0.5, '2025-08-05 12:00:00', '1 Peso', 27, 'COLD'),
(2010, 2.5, '2025-08-06 13:00:00', '5 Peso', 27, 'COLD'),
(2011, 5, '2025-08-07 11:00:00', '10 Peso', 27, 'COLD'),
(2012, 1, '2025-08-08 14:00:00', '1 Peso', 27, 'COLD'),
(2013, 2.5, '2025-08-09 16:00:00', '5 Peso', 27, 'COLD'),
(2014, 5, '2025-08-10 10:00:00', '10 Peso', 27, 'COLD'),
(2015, 2.5, '2025-07-15 10:00:00', '5 Peso', 27, 'COLD'),
(2016, 5, '2025-07-15 12:00:00', '10 Peso', 27, 'COLD'),
(2017, 0.5, '2025-07-16 09:00:00', '1 Peso', 27, 'COLD'),
(2018, 2.5, '2025-07-16 15:00:00', '5 Peso', 27, 'COLD'),
(2019, 5, '2025-07-17 11:00:00', '10 Peso', 27, 'COLD'),
(2020, 1, '2025-07-18 14:00:00', '1 Peso', 27, 'COLD'),
(2021, 2.5, '2025-07-19 16:00:00', '5 Peso', 27, 'COLD'),
(2022, 5, '2025-07-20 10:00:00', '10 Peso', 27, 'COLD'),
(2023, 0.5, '2025-07-21 12:00:00', '1 Peso', 27, 'COLD'),
(2024, 2.5, '2025-07-22 13:00:00', '5 Peso', 27, 'COLD'),
(2025, 5, '2025-08-01 11:00:00', '10 Peso', 27, 'COLD'),
(2026, 1, '2025-08-02 14:00:00', '1 Peso', 27, 'COLD'),
(2027, 2.5, '2025-08-03 16:00:00', '5 Peso', 27, 'COLD'),
(2028, 5, '2025-08-04 10:00:00', '10 Peso', 27, 'COLD'),
(2029, 0.5, '2025-08-05 12:00:00', '1 Peso', 27, 'COLD'),
(2030, 2.5, '2025-08-06 13:00:00', '5 Peso', 27, 'COLD'),
(2031, 5, '2025-08-07 11:00:00', '10 Peso', 27, 'COLD'),
(2032, 1, '2025-08-08 14:00:00', '1 Peso', 27, 'COLD'),
(2033, 2.5, '2025-08-09 16:00:00', '5 Peso', 27, 'COLD'),
(2034, 5, '2025-08-10 10:00:00', '10 Peso', 27, 'COLD'),
(2035, 2.5, '2025-07-15 10:00:00', '5 Peso', 27, 'COLD'),
(2036, 5, '2025-07-15 12:00:00', '10 Peso', 27, 'COLD'),
(2037, 0.5, '2025-07-16 09:00:00', '1 Peso', 27, 'COLD'),
(2038, 2.5, '2025-07-16 15:00:00', '5 Peso', 27, 'COLD'),
(2039, 5, '2025-07-17 11:00:00', '10 Peso', 27, 'COLD'),
(2040, 1, '2025-07-18 14:00:00', '1 Peso', 27, 'COLD'),
(2041, 2.5, '2025-07-19 16:00:00', '5 Peso', 27, 'COLD'),
(2042, 5, '2025-07-20 10:00:00', '10 Peso', 27, 'COLD'),
(2043, 0.5, '2025-07-21 12:00:00', '1 Peso', 27, 'COLD'),
(2044, 2.5, '2025-07-22 13:00:00', '5 Peso', 27, 'COLD'),
(2045, 5, '2025-08-01 11:00:00', '10 Peso', 27, 'COLD'),
(2046, 1, '2025-08-02 14:00:00', '1 Peso', 27, 'COLD'),
(2047, 2.5, '2025-08-03 16:00:00', '5 Peso', 27, 'COLD'),
(2048, 5, '2025-08-04 10:00:00', '10 Peso', 27, 'COLD'),
(2049, 0.5, '2025-08-05 12:00:00', '1 Peso', 27, 'COLD'),
(2050, 2.5, '2025-08-06 13:00:00', '5 Peso', 27, 'COLD'),
(2051, 5, '2025-08-07 11:00:00', '10 Peso', 27, 'COLD'),
(2052, 1, '2025-08-08 14:00:00', '1 Peso', 27, 'COLD'),
(2053, 2.5, '2025-08-09 16:00:00', '5 Peso', 27, 'COLD'),
(2054, 5, '2025-08-10 10:00:00', '10 Peso', 27, 'COLD'),
(2055, 2.5, '2025-07-15 10:00:00', '5 Peso', 27, 'COLD'),
(2056, 5, '2025-07-15 12:00:00', '10 Peso', 27, 'COLD'),
(2057, 0.5, '2025-07-16 09:00:00', '1 Peso', 27, 'COLD'),
(2058, 2.5, '2025-07-16 15:00:00', '5 Peso', 27, 'COLD'),
(2059, 5, '2025-07-17 11:00:00', '10 Peso', 27, 'COLD'),
(2060, 1, '2025-07-18 14:00:00', '1 Peso', 27, 'COLD'),
(2061, 2.5, '2025-07-19 16:00:00', '5 Peso', 27, 'COLD'),
(2062, 5, '2025-07-20 10:00:00', '10 Peso', 27, 'COLD'),
(2063, 0.5, '2025-07-21 12:00:00', '1 Peso', 27, 'COLD'),
(2064, 2.5, '2025-07-22 13:00:00', '5 Peso', 27, 'COLD'),
(2065, 5, '2025-08-01 11:00:00', '10 Peso', 27, 'COLD'),
(2066, 1, '2025-08-02 14:00:00', '1 Peso', 27, 'COLD'),
(2067, 2.5, '2025-08-03 16:00:00', '5 Peso', 27, 'COLD'),
(2068, 5, '2025-08-04 10:00:00', '10 Peso', 27, 'COLD'),
(2069, 0.5, '2025-08-05 12:00:00', '1 Peso', 27, 'COLD'),
(2070, 2.5, '2025-08-06 13:00:00', '5 Peso', 27, 'COLD'),
(2071, 5, '2025-08-07 11:00:00', '10 Peso', 27, 'COLD'),
(2072, 1, '2025-08-08 14:00:00', '1 Peso', 27, 'COLD'),
(2073, 2.5, '2025-08-09 16:00:00', '5 Peso', 27, 'COLD'),
(2074, 5, '2025-08-10 10:00:00', '10 Peso', 27, 'COLD'),
(2075, 2.5, '2025-07-15 10:00:00', '5 Peso', 27, 'COLD'),
(2076, 5, '2025-07-15 12:00:00', '10 Peso', 27, 'COLD'),
(2077, 0.5, '2025-07-16 09:00:00', '1 Peso', 27, 'COLD'),
(2078, 2.5, '2025-07-16 15:00:00', '5 Peso', 27, 'COLD'),
(2079, 5, '2025-07-17 11:00:00', '10 Peso', 27, 'COLD'),
(2080, 1, '2025-07-18 14:00:00', '1 Peso', 27, 'COLD'),
(2081, 2.5, '2025-07-19 16:00:00', '5 Peso', 27, 'COLD'),
(2082, 5, '2025-07-20 10:00:00', '10 Peso', 27, 'COLD'),
(2083, 0.5, '2025-07-21 12:00:00', '1 Peso', 27, 'COLD'),
(2084, 2.5, '2025-07-22 13:00:00', '5 Peso', 27, 'COLD'),
(2085, 5, '2025-08-01 11:00:00', '10 Peso', 27, 'COLD'),
(2086, 1, '2025-08-02 14:00:00', '1 Peso', 27, 'COLD'),
(2087, 2.5, '2025-08-03 16:00:00', '5 Peso', 27, 'COLD'),
(2088, 5, '2025-08-04 10:00:00', '10 Peso', 27, 'COLD'),
(2089, 0.5, '2025-08-05 12:00:00', '1 Peso', 27, 'COLD'),
(2090, 2.5, '2025-08-06 13:00:00', '5 Peso', 27, 'COLD'),
(2091, 5, '2025-08-07 11:00:00', '10 Peso', 27, 'COLD'),
(2092, 1, '2025-08-08 14:00:00', '1 Peso', 27, 'COLD'),
(2093, 2.5, '2025-08-09 16:00:00', '5 Peso', 27, 'COLD'),
(2094, 5, '2025-08-10 10:00:00', '10 Peso', 27, 'COLD'),
(2095, 2.5, '2025-07-15 10:00:00', '5 Peso', 27, 'COLD'),
(2096, 5, '2025-07-15 12:00:00', '10 Peso', 27, 'COLD'),
(2097, 0.5, '2025-07-16 09:00:00', '1 Peso', 27, 'COLD'),
(2098, 2.5, '2025-07-16 15:00:00', '5 Peso', 27, 'COLD'),
(2099, 5, '2025-07-17 11:00:00', '10 Peso', 27, 'COLD'),
(2100, 1, '2025-07-18 14:00:00', '1 Peso', 27, 'COLD'),
(2101, 2.5, '2025-07-19 16:00:00', '5 Peso', 27, 'COLD'),
(2102, 5, '2025-07-20 10:00:00', '10 Peso', 27, 'COLD'),
(2103, 0.5, '2025-07-21 12:00:00', '1 Peso', 27, 'COLD'),
(2104, 2.5, '2025-07-22 13:00:00', '5 Peso', 27, 'COLD'),
(2105, 5, '2025-08-01 11:00:00', '10 Peso', 27, 'COLD'),
(2106, 1, '2025-08-02 14:00:00', '1 Peso', 27, 'COLD'),
(2107, 2.5, '2025-08-03 16:00:00', '5 Peso', 27, 'COLD'),
(2108, 5, '2025-08-04 10:00:00', '10 Peso', 27, 'COLD'),
(2109, 0.5, '2025-08-05 12:00:00', '1 Peso', 27, 'COLD'),
(2110, 2.5, '2025-08-06 13:00:00', '5 Peso', 27, 'COLD'),
(2111, 5, '2025-08-07 11:00:00', '10 Peso', 27, 'COLD'),
(2112, 1, '2025-08-08 14:00:00', '1 Peso', 27, 'COLD'),
(2113, 2.5, '2025-08-09 16:00:00', '5 Peso', 27, 'COLD'),
(2114, 5, '2025-08-10 10:00:00', '10 Peso', 27, 'COLD'),
(2115, 2.5, '2025-07-15 10:00:00', '5 Peso', 27, 'COLD'),
(2116, 5, '2025-07-15 12:00:00', '10 Peso', 27, 'COLD'),
(2117, 0.5, '2025-07-16 09:00:00', '1 Peso', 27, 'COLD'),
(2118, 2.5, '2025-07-16 15:00:00', '5 Peso', 27, 'COLD'),
(2119, 5, '2025-07-17 11:00:00', '10 Peso', 27, 'COLD'),
(2120, 1, '2025-07-18 14:00:00', '1 Peso', 27, 'COLD'),
(2121, 2.5, '2025-07-19 16:00:00', '5 Peso', 27, 'COLD'),
(2122, 5, '2025-07-20 10:00:00', '10 Peso', 27, 'COLD'),
(2123, 0.5, '2025-07-21 12:00:00', '1 Peso', 27, 'COLD'),
(2124, 2.5, '2025-07-22 13:00:00', '5 Peso', 27, 'COLD'),
(2125, 5, '2025-08-01 11:00:00', '10 Peso', 27, 'COLD'),
(2126, 1, '2025-08-02 14:00:00', '1 Peso', 27, 'COLD'),
(2127, 2.5, '2025-08-03 16:00:00', '5 Peso', 27, 'COLD'),
(2128, 5, '2025-08-04 10:00:00', '10 Peso', 27, 'COLD'),
(2129, 0.5, '2025-08-05 12:00:00', '1 Peso', 27, 'COLD'),
(2130, 2.5, '2025-08-06 13:00:00', '5 Peso', 27, 'COLD'),
(2131, 5, '2025-08-07 11:00:00', '10 Peso', 27, 'COLD'),
(2132, 1, '2025-08-08 14:00:00', '1 Peso', 27, 'COLD'),
(2133, 2.5, '2025-08-09 16:00:00', '5 Peso', 27, 'COLD'),
(2134, 5, '2025-08-10 10:00:00', '10 Peso', 27, 'COLD'),
(2135, 0.5, '2025-08-27 00:53:57', '1 Peso', 1, 'COLD'),
(2136, 2.5, '2025-08-27 00:54:41', '5 Peso', 1, 'COLD'),
(2137, 5, '2025-08-27 00:55:48', '10 Peso', 1, 'COLD'),
(2138, 0.5, '2025-08-27 00:59:31', '1 Peso', 1, 'COLD'),
(2139, 2.5, '2025-08-27 00:59:56', '5 Peso', 1, 'COLD'),
(2140, 5, '2025-08-27 01:02:18', '10 Peso', 27, 'COLD'),
(2141, 0.5, '2025-08-27 01:02:36', '1 Peso', 27, 'COLD'),
(2142, 5, '2025-08-27 20:56:56', '10 Peso', 27, 'COLD'),
(2143, 0.5, '2025-08-27 20:57:03', '1 Peso', 27, 'COLD'),
(2144, 5, '2025-08-27 20:57:06', '10 Peso', 27, 'COLD'),
(2145, 5, '2025-08-27 20:57:13', '10 Peso', 27, 'COLD'),
(2146, 2.5, '2025-08-27 20:57:23', '5 Peso', 27, 'COLD'),
(2147, 2.5, '2025-08-27 20:57:33', '5 Peso', 27, 'COLD'),
(2148, 0.5, '2025-08-27 20:57:48', '1 Peso', 27, 'COLD'),
(2149, 0.5, '2025-08-27 20:57:53', '1 Peso', 27, 'COLD'),
(2150, 5, '2025-08-27 20:58:03', '10 Peso', 27, 'COLD'),
(2151, 0.5, '2025-08-27 21:48:40', '1 Peso', 27, 'COLD'),
(2152, 2.5, '2025-08-27 22:42:10', '5 Peso', 27, 'COLD'),
(2153, 2.5, '2025-08-27 22:59:23', '5 Peso', 27, 'COLD'),
(2154, 2.5, '2025-08-27 23:14:19', '5 Peso', 27, 'COLD'),
(2155, 2.5, '2025-08-27 23:15:08', '5 Peso', 27, 'HOT'),
(2156, 2.5, '2025-08-27 23:15:57', '5 Peso', 27, 'HOT'),
(2157, 2.5, '2025-08-27 23:31:14', '5 Peso', 27, 'HOT'),
(2158, 2.5, '2025-08-28 00:39:31', '5 Peso', 27, 'HOT'),
(2159, 2.5, '2025-08-28 00:40:09', '5 Peso', 27, 'HOT'),
(2160, 5, '2025-08-28 00:40:56', '10 Peso', 27, 'HOT'),
(2161, 0.5, '2025-08-28 00:41:50', '1 Peso', 27, 'HOT'),
(2162, 2.5, '2025-08-28 01:09:22', '5 Peso', 27, 'HOT'),
(2163, 5, '2025-08-28 01:10:10', '10 Peso', 27, 'HOT'),
(2164, 0.5, '2025-08-28 01:13:40', '1 Peso', 27, 'HOT'),
(2165, 2.5, '2025-08-28 01:14:52', '5 Peso', 27, 'HOT'),
(2166, 5, '2025-08-28 01:16:30', '10 Peso', 27, 'HOT'),
(2167, 0.5, '2025-08-28 01:17:34', '1 Peso', 27, 'HOT'),
(2168, 0.5, '2025-08-28 01:17:52', '1 Peso', 27, 'HOT'),
(2169, 0.5, '2025-08-28 01:19:48', '1 Peso', 27, 'HOT');

-- --------------------------------------------------------

--
-- Table structure for table `userlogin`
--

CREATE TABLE `userlogin` (
  `user_id` int(11) NOT NULL,
  `username` varchar(50) NOT NULL,
  `password` varchar(255) NOT NULL DEFAULT 'pbkdf2_sha256$600000$GX6QZ8n9Y2v7W1pL3cR4tM$4kS8dV5bF2nH7jK1lP9oQ3mJ6rT0wX2yC4eB7uN8iA=',
  `email` varchar(100) NOT NULL,
  `role` varchar(50) DEFAULT NULL
) ENGINE=InnoDB DEFAULT CHARSET=utf8mb4 COLLATE=utf8mb4_unicode_ci;

--
-- Dumping data for table `userlogin`
--

INSERT INTO `userlogin` (`user_id`, `username`, `password`, `email`, `role`) VALUES
(1, 'admin', '$2y$10$qvpsPHN4gld9W9fRKUTDU.sjSNvkz.zGjdK3r5/oAAvE/cSQRKJcO', 'admin@gmail.com', 'Administrator');

--
-- Indexes for dumped tables
--

--
-- Indexes for table `dispenser`
--
ALTER TABLE `dispenser`
  ADD PRIMARY KEY (`dispenser_id`);

--
-- Indexes for table `dispenserlocation`
--
ALTER TABLE `dispenserlocation`
  ADD PRIMARY KEY (`dispenserlocation_id`),
  ADD UNIQUE KEY `unique_dispenser_location` (`location_id`,`dispenser_id`),
  ADD KEY `dispenser_id` (`dispenser_id`);

--
-- Indexes for table `dispenserstatus`
--
ALTER TABLE `dispenserstatus`
  ADD PRIMARY KEY (`status_id`),
  ADD KEY `dispenser_id` (`dispenser_id`);

--
-- Indexes for table `location`
--
ALTER TABLE `location`
  ADD PRIMARY KEY (`location_id`);

--
-- Indexes for table `transaction`
--
ALTER TABLE `transaction`
  ADD PRIMARY KEY (`transaction_id`),
  ADD KEY `dispenser_id` (`dispenser_id`);

--
-- Indexes for table `userlogin`
--
ALTER TABLE `userlogin`
  ADD PRIMARY KEY (`user_id`),
  ADD UNIQUE KEY `username` (`username`),
  ADD UNIQUE KEY `email` (`email`);

--
-- AUTO_INCREMENT for dumped tables
--

--
-- AUTO_INCREMENT for table `dispenser`
--
ALTER TABLE `dispenser`
  MODIFY `dispenser_id` int(11) NOT NULL AUTO_INCREMENT, AUTO_INCREMENT=34;

--
-- AUTO_INCREMENT for table `dispenserlocation`
--
ALTER TABLE `dispenserlocation`
  MODIFY `dispenserlocation_id` int(11) NOT NULL AUTO_INCREMENT, AUTO_INCREMENT=36;

--
-- AUTO_INCREMENT for table `dispenserstatus`
--
ALTER TABLE `dispenserstatus`
  MODIFY `status_id` int(11) NOT NULL AUTO_INCREMENT, AUTO_INCREMENT=27;

--
-- AUTO_INCREMENT for table `location`
--
ALTER TABLE `location`
  MODIFY `location_id` int(11) NOT NULL AUTO_INCREMENT, AUTO_INCREMENT=346;

--
-- AUTO_INCREMENT for table `transaction`
--
ALTER TABLE `transaction`
  MODIFY `transaction_id` int(11) NOT NULL AUTO_INCREMENT, AUTO_INCREMENT=2170;

--
-- AUTO_INCREMENT for table `userlogin`
--
ALTER TABLE `userlogin`
  MODIFY `user_id` int(11) NOT NULL AUTO_INCREMENT, AUTO_INCREMENT=16;
COMMIT;

/*!40101 SET CHARACTER_SET_CLIENT=@OLD_CHARACTER_SET_CLIENT */;
/*!40101 SET CHARACTER_SET_RESULTS=@OLD_CHARACTER_SET_RESULTS */;
/*!40101 SET COLLATION_CONNECTION=@OLD_COLLATION_CONNECTION */;
